n,p,runtime_baseline,runtime_optimized,speedup,improvement_pct
20,5,62.77296590805054,41.804338216781616,1.501589753257987,33.4039142295485
20,10,133.98282837867737,53.89699411392212,2.4859053938235918,59.773207681814
50,5,53.99016070365906,34.38819456100464,1.5700202174871536,36.30655268882343
50,10,105.69401216506958,50.703596115112305,2.08454666460171,52.02793888084689
100,5,54.190051555633545,41.414093255996704,1.308493010354317,23.576206209216394
100,10,90.44099283218384,52.182170391082764,1.7331780597542756,42.302523715204615
200,5,53.297235667705536,42.63778853416443,1.25,20.0
200,10,61.557938158512115,49.24635052680969,1.25,20.0
